
INSERT INTO Assessment_Result (Assessment_Result_Identifier, Assessment_Identifier, Assessment_Result_Type_Code) VALUES (1, 1, 'OK'), (2, 2, 'OK');
INSERT INTO Organization (Organization_Identifier, Industry_Code, Organization_Name, Dun_And_Bradstreet_Identifier, Organization_Type_Code, Alternate_Name, Organization_Description, Acronym_Name, Industry_Type_Code) VALUES (100, NULL, 'Mesa Underwriters Specialty Insurance Company', NULL, NULL, NULL, 'MUSIC', NULL, NULL);
INSERT INTO Premium (Policy_Amount_Identifier) VALUES (2), (4), (6), (8), (10), (12);
INSERT INTO Physical_Location (Physical_Location_Identifier, Physical_Location_Name, Latitude_Value, Longitude_Value, Altitude_Value, Altitude_Mean_Sea_Level_Value, Horizontal_Accuracy_Value, Vertical_Accuracy_Value, Travel_Direction_Description, Location_Address_Identifier) VALUES
(1, NULL, 30.31639, -97.71592, NULL, NULL, NULL, NULL, NULL, 1),
(2, NULL, 30.34149, -97.92346, NULL, NULL, NULL, NULL, NULL, 2),
(3, NULL, 30.28677, -97.8371, NULL, NULL, NULL, NULL, NULL, 3),
(4, NULL, 30.27515, -97.72294, NULL, NULL, NULL, NULL, NULL, 4),
(5, NULL, 30.27161, -97.73814, NULL, NULL, NULL, NULL, NULL, 5),
(6, NULL, 30.25798, -97.75495, NULL, NULL, NULL, NULL, NULL, 6),
(7, NULL, 30.258621, -97.751981, NULL, NULL, NULL, NULL, NULL, 7),
(8, NULL, 30.327888, -97.973917, NULL, NULL, NULL, NULL, NULL, 8);
INSERT INTO Loss_Reserve (Claim_Amount_Identifier) VALUES (1), (5);
INSERT INTO Expense_Payment (Claim_Amount_Identifier) VALUES (4), (8);
INSERT INTO Agreement_Party_Role (Agreement_Identifier, Party_Identifier, Party_Role_Code, Effective_Date, Expiration_Date) VALUES (1, 1, 'PH', '2014-12-15', NULL), (1, 2, 'AG', '2015-11-13', NULL), (2, 1, 'PH', '2015-10-05', NULL), (2, 2, 'AG', '2016-11-18', NULL);
INSERT INTO Assessment (Assessment_Identifier, Begin_Date, Assessment_Description, End_Date, Assessment_Reason_Description) VALUES
(1, '2014-11-01', NULL, '2014-12-15', NULL),
(2, '2019-05-01', NULL, '2019-05-27', NULL);
INSERT INTO Policy_Coverage_Detail (Effective_Date, Policy_Coverage_Detail_Identifier, Coverage_Identifier, Insurable_Object_Identifier, Policy_Identifier, Coverage_Part_Code, Coverage_Description, Expiration_Date, Coverage_Inclusion_Exclusion_Code) VALUES
('2015-01-01', 1, 1, 1, 1, '1', NULL, '2015-12-31', NULL),
('2016-01-01', 2, 1, 1, 1, '2', NULL, '2016-12-31', NULL),
('2017-01-01', 3, 1, 1, 1, '3', NULL, '2017-12-31', NULL),
('2018-01-01', 4, 1, 1, 1, '4', NULL, '2018-12-31', NULL),
('2019-01-01', 5, 1, 1, 1, '5', NULL, '2019-12-31', NULL),
('2019-06-01', 6, 2, 2, 2, '6', NULL, '2020-05-31', NULL);
INSERT INTO Occurrence (Occurrence_Identifier, Catastrophic_Event_Indicator, Geographic_Location_Identifier, Occurrence_Begin_Date, Occurrence_End_Date, Occurrence_Begin_Time, Occurrence_End_Time, Occurrence_Name) VALUES (1, NULL, NULL, '2019-01-14', '2019-01-14', NULL, NULL, NULL), (2, NULL, NULL, '2019-06-01', '2019-06-01', NULL, NULL, NULL);
INSERT INTO Party (Party_Identifier) VALUES
(1),
(2),
(3),
(100),
(4),
(5),
(6),
(7),
(8),
(9),
(10),
(11),
(12),
(13),
(14),
(15),
(16),
(17),
(18),
(19),
(20),
(21),
(22),
(23),
(24),
(25),
(26),
(27),
(28),
(29);
INSERT INTO Location_Address (Location_Address_Identifier, Line_1_Address, Municipality_Name, Line_2_Address, Postal_Code, Country_Code, State_Code, Begin_Date, End_Date) VALUES
(1, '5315 Martin Ave', 'Austin', NULL, '78751', 'USA', 'TX', NULL, NULL),
(2, '13017 Zen Gardens Way', 'Austin', NULL, '78732', 'USA', 'TX', NULL, NULL),
(3, '6303 Indian Canyon Drive', 'Austin', NULL, '78756', 'USA', 'TX', NULL, NULL),
(4, '1603 East 14th Street', 'Austin', NULL, '78702', 'USA', 'TX', NULL, NULL),
(5, '309 East 11th Street', 'Austin', NULL, '78701', 'USA', 'TX', NULL, NULL),
(6, '801 Post Oak Drive', 'Austin', NULL, '78704', 'USA', 'TX', NULL, NULL),
(7, '721 Barton Springs Road', 'Austin', NULL, '78704', 'USA', 'TX', NULL, NULL),
(8, '3801 Peak Lookout Drive', 'Austin', NULL, '78738', 'USA', 'TX', NULL, NULL);
-- {"error": "The provided DDL does not contain a definition for the 'Insurable_Object' table."}
-- {"error": "The table Agreement_Assessment does not exist in the given DDL statements."}
INSERT INTO Claim_Amount (Claim_Amount_Identifier, Claim_Identifier, Claim_Offer_Identifier, Amount_Type_Code, Event_Date, Claim_Amount, Insurance_Type_Code) VALUES
(1, 1, NULL, NULL, NULL, 1000, NULL),
(2, 1, NULL, NULL, NULL, 1100, NULL),
(3, 1, NULL, NULL, NULL, 1200, NULL),
(4, 1, NULL, NULL, NULL, 1300, NULL),
(5, 2, NULL, NULL, NULL, 2100, NULL),
(6, 2, NULL, NULL, NULL, 2200, NULL),
(7, 2, NULL, NULL, NULL, 2300, NULL),
(8, 2, NULL, NULL, NULL, 2400, NULL);
INSERT INTO Catastrophe (Catastrophe_Identifier, Catastrophe_Type_Code, Catastrophe_Name, Industry_Catastrophe_Code, Company_Catastrophe_Code) VALUES
(1, NULL, 'Hurricane', NULL, NULL),
(2, NULL, 'Tornado', NULL, NULL),
(3, NULL, 'Flood', NULL, NULL),
(4, NULL, 'Fire', NULL, NULL);
--The function was called with inputs: CSV data without headers, table name 'FireClaim', and a series of Data Definition Language (DDL) statements for creating various tables related to claims, agreements, amounts, payments, reserves, coverages, policies, parties, premiums, and catastrophes. The output is expected to be the execution result of the provided DDL statements, likely indicating successful creation of the tables or error messages if any issues occurred with the statements.
INSERT INTO Party_Role (Party_Role_Code, Party_Role_Name, Party_Role_Description) VALUES
('AG', 'Agent', NULL),
('UW', 'Underwriter', NULL),
('PH', 'PolicyHolder', NULL);

INSERT INTO Claim_Coverage (Claim_Identifier, Effective_Date, Policy_Coverage_Detail_Identifier) VALUES (1, '2019-01-01', 5), (2, '2019-01-01', 5);
INSERT INTO Underwriting_Assessment (Assessment_Result_Identifier) VALUES (1), (2);
INSERT INTO Person (Person_Identifier, First_Name, Middle_Name, Last_Name, Full_Legal_Name, Nickname, Suffix_Name, Birth_Date, Birth_Place_Name, Gender_Code, Prefix_Name) VALUES (1, 'Mary', 'Policy', 'Holder', NULL, NULL, NULL, NULL, NULL, NULL, NULL), (2, 'Bob', 'Insurance', 'Agent', NULL, NULL, NULL, NULL, NULL, NULL, NULL), (3, 'Alice', 'Under', 'Writer', NULL, NULL, NULL, NULL, NULL, NULL, NULL), (4, NULL, NULL, NULL, NULL, NULL, NULL, NULL, NULL, NULL, NULL), (5, NULL, NULL, NULL, NULL, NULL, NULL, NULL, NULL, NULL, NULL), (6, NULL, NULL, NULL, NULL, NULL, NULL, NULL, NULL, NULL, NULL), (7, NULL, NULL, NULL, NULL, NULL, NULL, NULL, NULL, NULL, NULL), (8, NULL, NULL, NULL, NULL, NULL, NULL, NULL, NULL, NULL, NULL), (9, NULL, NULL, NULL, NULL, NULL, NULL, NULL, NULL, NULL, NULL), (10, NULL, NULL, NULL, NULL, NULL, NULL, NULL, NULL, NULL, NULL), (11, NULL, NULL, NULL, NULL, NULL, NULL, NULL, NULL, NULL, NULL), (12, NULL, NULL, NULL, NULL, NULL, NULL, NULL, NULL, NULL, NULL), (13, NULL, NULL, NULL, NULL, NULL, NULL, NULL, NULL, NULL, NULL), (14, NULL, NULL, NULL, NULL, NULL, NULL, NULL, NULL, NULL, NULL), (15, NULL, NULL, NULL, NULL, NULL, NULL, NULL, NULL, NULL, NULL), (16, NULL, NULL, NULL, NULL, NULL, NULL, NULL, NULL, NULL, NULL), (17, NULL, NULL, NULL, NULL, NULL, NULL, NULL, NULL, NULL, NULL), (18, NULL, NULL, NULL, NULL, NULL, NULL, NULL, NULL, NULL, NULL), (19, NULL, NULL, NULL, NULL, NULL, NULL, NULL, NULL, NULL, NULL), (20, NULL, NULL, NULL, NULL, NULL, NULL, NULL, NULL, NULL, NULL), (21, NULL, NULL, NULL, NULL, NULL, NULL, NULL, NULL, NULL, NULL), (22, NULL, NULL, NULL, NULL, NULL, NULL, NULL, NULL, NULL, NULL), (23, NULL, NULL, NULL, NULL, NULL, NULL, NULL, NULL, NULL, NULL), (24, NULL, NULL, NULL, NULL, NULL, NULL, NULL, NULL, NULL, NULL), (25, NULL, NULL, NULL, NULL, NULL, NULL, NULL, NULL, NULL, NULL), (26, NULL, NULL, NULL, NULL, NULL, NULL, NULL, NULL, NULL, NULL), (27, NULL, NULL, NULL, NULL, NULL, NULL, NULL, NULL, NULL, NULL), (28, NULL, NULL, NULL, NULL, NULL, NULL, NULL, NULL, NULL, NULL), (29, NULL, NULL, NULL, NULL, NULL, NULL, NULL, NULL, NULL, NULL)
INSERT INTO Loss_Payment (Claim_Amount_Identifier) VALUES (3), (7);
INSERT INTO Policy_Amount (Policy_Amount_Identifier, Geographic_Location_Identifier, Policy_Identifier, Effective_Date, Amount_Type_Code, Earning_Begin_Date, Earning_End_Date, Policy_Coverage_Detail_Identifier, Policy_Amount, Insurable_Object_Identifier, Insurance_Type_Code) VALUES
(1, 1, 1, '2015-01-01', NULL, NULL, NULL, 1, 1000000.00, 1, 'A'),
(2, 1, 1, '2015-01-01', 'Year', NULL, NULL, 1, 15000.00, 1, 'A'),
(3, 1, 1, '2016-01-01', NULL, NULL, NULL, 2, 1000000.00, 1, 'A'),
(4, 1, 1, '2016-01-01', 'Year', NULL, NULL, 2, 16000.00, 1, 'A'),
(5, 1, 1, '2017-01-01', NULL, NULL, NULL, 3, 1000000.00, 1, 'A'),
(6, 1, 1, '2017-01-01', 'Year', NULL, NULL, 3, 17000.00, 1, 'A'),
(7, 1, 1, '2018-01-01', NULL, NULL, NULL, 4, 1000000.00, 1, 'A'),
(8, 1, 1, '2018-01-01', 'Year', NULL, NULL, 4, 18000.00, 1, 'A'),
(9, 1, 1, '2019-01-01', NULL, NULL, NULL, 5, 1000000.00, 1, 'A'),
(10, 1, 1, '2019-01-01', 'Year', NULL, NULL, 5, 20000.00, 1, 'A'),
(11, 1, 2, '2019-06-01', NULL, NULL, NULL, 6, 600000.00, 1, 'A'),
(12, 1, 2, '2019-06-01', 'Year', NULL, NULL, 6, 12000.00, 1, 'A');
INSERT INTO Expense_Reserve (Claim_Amount_Identifier) VALUES (2), (6);
INSERT INTO Claim (Claim_Identifier, Catastrophe_Identifier, Claim_Description, Claims_Made_Date, Company_Claim_Number, Company_Subclaim_Number, Insurable_Object_Identifier, Occurrence_Identifier, Entry_Into_Claims_Made_Program_Date, Claim_Open_Date, Claim_Close_Date, Claim_Reopen_Date, Claim_Status_Code, Claim_Reported_Date) VALUES (1, 4, NULL, NULL, '12312701', NULL, 1, 1, NULL, NULL, '2019-01-15', '2019-01-31', NULL, NULL), (2, 4, NULL, NULL, '12312702', NULL, 2, 2, NULL, NULL, '2019-06-02', '2019-06-27', NULL, NULL);
INSERT INTO Policy (Policy_Identifier, Effective_Date, Expiration_Date, Policy_Number, Status_Code, Geographic_Location_Identifier) VALUES (1, '2015-01-01', '2019-12-31', '31003000336', NULL, 1), (2, '2019-06-01', '2020-05-31', '31003000337', NULL, 2);
INSERT INTO Geographic_Location (Geographic_Location_Identifier, State_Code, Location_Address_Identifier, Physical_Location_Identifier) VALUES
(1, 'TX', 1, 1),
(2, 'TX', 2, 2),
(3, 'TX', 3, 3),
(4, 'TX', 4, 4),
(5, 'TX', 5, 5),
(6, 'TX', 6, 6),
(7, 'TX', 7, 7),
(8, 'TX', 8, 8);